2025-12-01_17-20-16,100,draft.py:2025-12-01_17-20-16
2025-12-01_17-26-59,100,draft.py:2025-12-01_17-20-16
2025-12-01_17-27-01,---,draft.py:2025-12-01_17-20-16
2025-12-01_18-51-44,0,draft.py:2025-12-01_18-51-44
2025-12-01_18-52-48,0,draft.py:2025-12-01_18-51-44
2025-12-01_18-53-36,0,draft.py:2025-12-01_18-51-44
2025-12-01_18-53-36,0,draft.py:2025-12-01_18-51-44
2025-12-01_18-53-37,0,draft.py:2025-12-01_18-51-44
2025-12-01_18-53-37,0,draft.py:2025-12-01_18-51-44
2025-12-01_18-53-37,0,draft.py:2025-12-01_18-51-44
2025-12-01_18-53-37,0,draft.py:2025-12-01_18-51-44
2025-12-01_18-53-37,0,draft.py:2025-12-01_18-51-44
2025-12-01_18-53-37,0,draft.py:2025-12-01_18-51-44
2025-12-01_18-53-38,0,draft.py:2025-12-01_18-51-44
2025-12-01_18-53-38,0,draft.py:2025-12-01_18-51-44
2025-12-01_18-53-38,0,draft.py:2025-12-01_18-51-44
2025-12-01_18-53-38,0,draft.py:2025-12-01_18-51-44
2025-12-01_18-53-38,0,draft.py:2025-12-01_18-51-44
2025-12-01_18-58-31,0,draft.py:2025-12-01_18-58-31
2025-12-01_18-59-15,0,draft.py:2025-12-01_18-59-15
2025-12-01_18-59-45,0,draft.py:2025-12-01_18-59-45
2025-12-01_18-59-53,0,draft.py:2025-12-01_18-59-53
2025-12-01_19-06-57,0,draft.py:2025-12-01_19-06-57
2025-12-01_19-10-02,0,draft.py:2025-12-01_19-10-02
2025-12-01_19-10-09,0,draft.py:2025-12-01_19-10-09
2025-12-01_19-10-16,0,draft.py:2025-12-01_19-10-16
2025-12-01_19-11-42,0,draft.py:2025-12-01_19-11-42
2025-12-01_19-11-53,0,draft.py:2025-12-01_19-11-53
2025-12-01_19-14-21,0,draft.py:2025-12-01_19-14-21
2025-12-01_19-20-17,0,draft.py:2025-12-01_19-20-17
2025-12-01_19-24-20,0,draft.py:2025-12-01_19-24-20
2025-12-01_19-26-43,0,draft.py:2025-12-01_19-26-43
2025-12-01_19-29-33,0,draft.py:2025-12-01_19-26-43
2025-12-01_19-36-20,0,draft.py:2025-12-01_19-36-20
2025-12-01_19-41-01,0,draft.py:2025-12-01_19-41-01
2025-12-01_19-47-33,0,draft.py:2025-12-01_19-41-01
2025-12-01_19-47-34,0,draft.py:2025-12-01_19-41-01
2025-12-01_19-48-28,0,draft.py:2025-12-01_19-41-01
2025-12-01_19-52-32,0,draft.py:2025-12-01_19-41-01
2025-12-01_21-35-59,0,draft.py:2025-12-01_19-41-01
