2025-12-02_19-19-32,100,draft.py:2025-12-02_19-19-32
2025-12-02_19-31-57,100,draft.py:2025-12-02_19-31-57
2025-12-02_19-31-57,100,draft.py:2025-12-02_19-31-57
2025-12-02_19-31-58,100,draft.py:2025-12-02_19-31-58
2025-12-02_19-31-58,100,draft.py:2025-12-02_19-31-58
2025-12-02_19-31-59,100,draft.py:2025-12-02_19-31-59
2025-12-02_19-32-03,---,draft.py:2025-12-02_19-31-59
2025-12-02_19-49-34,100,draft.py:2025-12-02_19-49-34
2025-12-02_19-49-35,100,draft.py:2025-12-02_19-49-34
2025-12-02_19-49-35,100,draft.py:2025-12-02_19-49-34
2025-12-02_19-49-35,100,draft.py:2025-12-02_19-49-34
2025-12-02_19-49-35,100,draft.py:2025-12-02_19-49-34
2025-12-02_19-49-36,100,draft.py:2025-12-02_19-49-34
2025-12-02_19-49-36,100,draft.py:2025-12-02_19-49-34
2025-12-02_19-49-36,100,draft.py:2025-12-02_19-49-34
2025-12-02_19-49-36,100,draft.py:2025-12-02_19-49-34
2025-12-02_19-49-37,---,draft.py:2025-12-02_19-49-34
